{"eval/loss": 1.273231863975525, "eval/runtime": 18.3589, "eval/samples_per_second": 2.669, "eval/steps_per_second": 2.669, "train/epoch": 1.0, "train/global_step": 1, "_timestamp": 1709894504.981574, "_runtime": 72.32593297958374, "_step": 1, "train/train_runtime": 73.5733, "train/train_samples_per_second": 0.666, "train/train_steps_per_second": 0.014, "train/total_flos": 4314244501733376.0, "train/train_loss": 0.4739665389060974}