{"eval/loss": 1.112280249595642, "eval/runtime": 37.8354, "eval/samples_per_second": 2.669, "eval/steps_per_second": 2.669, "train/epoch": 1.0, "train/global_step": 1, "_timestamp": 1710139903.0897238, "_runtime": 145.7320318222046, "_step": 1, "train/train_runtime": 146.9832, "train/train_samples_per_second": 0.687, "train/train_steps_per_second": 0.007, "train/total_flos": 8892626421940224.0, "train/train_loss": 0.8820098042488098}