{"train/loss": 1.1549, "train/grad_norm": 0.0809536874294281, "train/learning_rate": 5.146355805285452e-07, "train/epoch": 1.0, "train/global_step": 39, "_timestamp": 1709902476.9459279, "_runtime": 7049.335669755936, "_step": 8, "eval/loss": 1.1647855043411255, "eval/runtime": 1874.7706, "eval/samples_per_second": 2.672, "eval/steps_per_second": 2.672, "train/train_runtime": 7050.6659, "train/train_samples_per_second": 0.71, "train/train_steps_per_second": 0.006, "train/total_flos": 4.395246643398574e+17, "train/train_loss": 1.18492526274461}