{"train/loss": 1.1314, "train/grad_norm": 0.1942766159772873, "train/learning_rate": 1.9979453927503366e-05, "train/epoch": 0.1, "train/global_step": 5, "_timestamp": 1710161603.824525, "_runtime": 666.8306891918182, "_step": 0}