{"eval/loss": 1.2053310871124268, "eval/runtime": 189.1622, "eval/samples_per_second": 2.67, "eval/steps_per_second": 2.67, "train/epoch": 3.91, "train/global_step": 15, "_timestamp": 1710057347.817282, "_runtime": 2749.6324920654297, "_step": 7, "train/loss": 1.2072, "train/grad_norm": 0.1019739881157875, "train/learning_rate": 0.0, "train/train_runtime": 2750.8871, "train/train_samples_per_second": 0.892, "train/train_steps_per_second": 0.005, "train/total_flos": 1.6904794782302208e+17, "train/train_loss": 1.2194292704264322, "_wandb": {"runtime": 2748}}