{"train/loss": 0.9711, "train/grad_norm": 0.08993184566497803, "train/learning_rate": 0.0, "train/epoch": 5.0, "train/global_step": 65, "_timestamp": 1710158949.3387957, "_runtime": 9393.222750663757, "_step": 18, "eval/loss": 0.9704028367996216, "eval/runtime": 155.0422, "eval/samples_per_second": 2.67, "eval/steps_per_second": 2.67, "train/train_runtime": 9394.5154, "train/train_samples_per_second": 0.886, "train/train_steps_per_second": 0.007, "train/total_flos": 7.325411072330957e+17, "train/train_loss": 1.017613961146428, "_wandb": {"runtime": 9391}}