{"eval/loss": 1.2357200384140015, "eval/runtime": 93.6079, "eval/samples_per_second": 2.671, "eval/steps_per_second": 2.671, "train/epoch": 0.52, "train/global_step": 1, "_timestamp": 1710054209.2975562, "_runtime": 228.98092412948608, "_step": 1, "train/train_runtime": 230.22, "train/train_samples_per_second": 1.06, "train/train_steps_per_second": 0.004, "train/total_flos": 1.1269863188201472e+16, "train/train_loss": 1.2641198635101318, "_wandb": {"runtime": 227}}