{"eval/loss": 1.0868003368377686, "eval/runtime": 73.782, "eval/samples_per_second": 2.67, "eval/steps_per_second": 2.67, "train/epoch": 3.25, "train/global_step": 5, "_timestamp": 1710141334.769943, "_runtime": 960.965451002121, "_step": 5, "train/loss": 1.092, "train/grad_norm": 0.20658676326274872, "train/learning_rate": 0.0, "train/train_runtime": 964.1278, "train/train_samples_per_second": 1.022, "train/train_steps_per_second": 0.005, "train/total_flos": 5.634931594100736e+16, "train/train_loss": 1.0919825553894043, "_wandb": {"runtime": 959}}