{"eval/loss": 1.001896619796753, "eval/runtime": 7.86, "eval/samples_per_second": 2.672, "eval/steps_per_second": 2.672, "train/epoch": 1.0, "train/global_step": 1, "_timestamp": 1710136320.2904694, "_runtime": 33.170231342315674, "_step": 1, "train/train_runtime": 34.4406, "train/train_samples_per_second": 0.61, "train/train_steps_per_second": 0.029, "train/total_flos": 1848961929314304.0, "train/train_loss": 0.16531437635421753}